customer_id,customer_name,gender,age,city,join_date
201,Ashley Silva,F,47,Lake Edwardfort,19-01-2021
202,Ethan Shannon,F,55,Jaredshire,10-05-2021
203,Colleen Lopez,M,31,South Eric,18-07-2023
204,Sarah Nguyen,F,52,South Wendyhaven,23-01-2020
205,Eric Ruiz,M,61,North Mark,19-05-2020
206,Kristen Kelley,F,23,North Lisaport,13-12-2022
207,Charles Burgess,F,24,Port Daniel,06-06-2023
208,Kristine Murray,M,34,Katiebury,06-02-2023
209,Daniel Carter,M,40,New Melissa,25-07-2021
210,Geoffrey Johnson,F,46,Jacquelineview,26-09-2021
211,Megan Holt,M,53,East Jacobmouth,31-12-2021
212,Miss Sara White,F,40,Lake Nicholasshire,21-09-2021
213,Jasmine Lowery,F,47,Port Taratown,12-07-2021
214,Gary Nixon,M,45,Pachecobury,23-10-2020
215,Jenna Sanchez,M,56,East Lonnieshire,04-05-2022
216,Sara Ramirez,M,65,Chapmanhaven,17-10-2022
217,Christopher Brown,F,58,Lake Sandra,28-01-2021
218,Alexander Moore,F,56,New Keithmouth,14-02-2021
219,Troy Melton,M,36,Port Lisa,19-02-2022
220,Judith Hays,F,53,East Michelleton,11-12-2022
221,Judith Lopez,M,61,North Jacqueline,17-01-2023
222,Katherine Dawson,M,29,South Johnmouth,22-11-2022
223,Tara Mcdowell,M,41,Kathrynfort,17-03-2022
224,Antonio Watts,M,23,Hoganchester,09-12-2023
225,Crystal Coleman,F,55,Williamton,09-03-2021
226,Jennifer Martinez,M,43,Matthewshire,08-01-2023
227,Matthew Franklin,M,59,Port Charlesshire,02-09-2023
228,Albert Zhang,M,29,Adamsbury,01-12-2023
229,Kyle Fisher,M,45,Hernandezville,01-10-2020
230,Stephanie Clay,F,34,Tracyfurt,08-09-2022
231,Robert Harris,M,23,South Christopher,13-11-2023
232,James Taylor,F,30,Coreymouth,05-09-2021
233,Michelle Munoz,F,50,Aaronmouth,13-07-2023
234,Sherry Lee,M,54,Danielshire,16-01-2024
235,Kimberly Johnson,M,47,Cherylmouth,19-06-2020
236,Kristopher Sloan,M,24,Flowersburgh,13-04-2023
237,William Lyons,M,37,New Danielle,15-06-2020
238,Erik Roberts,M,55,Berryburgh,29-01-2024
239,Ashlee Riley,F,18,Eddieburgh,28-08-2024
240,Alicia Dominguez,M,31,Carrville,25-02-2024
241,Joseph Walker,M,38,Port Blakeview,04-01-2022
242,Richard Taylor,F,30,Bradchester,03-11-2024
243,Kaylee Edwards,M,23,Youngfort,26-04-2024
244,Christopher Randall,F,27,Maynardland,29-11-2021
245,Victoria Green,M,55,New Teresa,14-12-2024
246,Kevin ,F,52,New Maryshire,10-08-2023
247,Bonnie Perry,F,46,New Denise,01-10-2024
248,Russell Carroll,M,47,Hallstad,27-11-2022
249,Richard Snyder,F,47,Johnsonstad,23-09-2023
250,Joseph Morrison,F,56,Port Megan,31-12-2022
251,Darius Prince,F,29,West Kelly,18-04-2022
252,Lisa Farmer,F,32,East Reginaldfurt,14-04-2022
253,Kelly Chan,F,31,Lake Samantha,12-03-2020
254,William Nielsen,F,54,East Williamport,19-11-2020
255,Austin Martin,F,33,South Jameston,09-01-2022
256,Lynn Martin,M,41,South George,08-08-2020
257,Brandon Harris,F,58,New Kenneth,02-12-2024
258,Joseph Stanley,F,56,Port Kristabury,16-07-2023
259,Hunter Johnson,F,33,New Jeromeville,18-11-2020
260, Hill,F,64,Wallerport,17-10-2023
261,Stephanie Vaughn,F,37,North Tracyhaven,01-06-2022
262,James Roberts,M,52,West Dianafurt,17-01-2022
263,Jared Wright,M,55,Port Michaelmouth,14-12-2023
264,Christopher Sanchez,F,28,West Kenneth,17-06-2022
265,Bonnie Cochran,F,35,Wilkinsstad,25-02-2020
266,Elizabeth Cohen,F,61,South Corymouth,21-10-2023
267,Alyssa Anderson,F,40,East Hannah,02-06-2021
268,Jennifer Gordon,F,30,Richardtown,03-10-2021
269,Stephanie Little,M,18,Rojasmouth,05-11-2024
270,Gabriel Jimenez,F,19,Clarkemouth,15-04-2020
271,Cheryl Brown,M,19,Sanchezhaven,15-12-2023
272,Matthew Hutchinson,F,50,Howardton,21-09-2022
273,Brian Barnes,M,62,New Ethan,13-12-2023
274,Sharon Ortiz,F,58,South Joanna,22-06-2021
275,Mckenzie Williams PhD,M,43,Justinburgh,29-04-2024
276,Victoria Nichols,F,29,Port Joannemouth,24-01-2023
277,John Moreno,M,55,Graystad,16-01-2024
278,Jody Acosta,M,18,Lake Jamieview,23-07-2020
279,Aaron Richards,M,22,Robinton,22-03-2020
280,Brian Williams,M,23,Lake Meghanmouth,18-10-2023
281,Amber Schaefer,F,53,Ryanmouth,22-12-2020
282,Matthew Jones,M,36,Thomashaven,08-06-2024
283,Ernest Davis,M,42,East Lisa,15-08-2022
284,Barbara Holt,F,45,Lake Christopher,08-12-2022
285,Sarah Bruce,F,33,Lake Heidi,29-06-2021
286,John Brown,F,34,South Bobbyfort,06-06-2023
287,Colleen Solis,M,21,South Karen,18-12-2021
288,Theresa Moore,F,59,Jenniferburgh,30-06-2024
289,Taylor Freeman,M,21,West Chrismouth,04-07-2022
290,Stephen Lopez,F,35,Hernandezfort,17-03-2021
291,Kimberly Nelson,F,59,Torresborough,25-09-2020
292,Zachary Miller,F,44,Robertoberg,25-10-2021
293,Andrew Payne,M,31,South Erikamouth,14-01-2022
294,Gary Young,M,18,Butlerport,26-03-2024
295,Brittany Burch,M,54,Port Andretown,06-09-2022
296,Amanda Johnson,M,47,Nicholasside,01-04-2021
297,Jessica Bolton,F,55,Abigailstad,20-05-2021
298,Amanda Elliott,M,40,West Hailey,22-01-2021
299,Robert Ball,M,59,West James,21-03-2023
300,Stephen Harris,M,42,Sawyertown,29-03-2023
